{"452540880948035585":{},"516988345201459210":{"YaKTBieQmGaLpRAk":{"icon":"https://cdn.discordapp.com/icons/694525930999382036/e998b0522a9a1e53de7befe2e8ef3cec.jpg","name":"Çay Bot","owner":"516988345201459210","members":2,"createdAt":"2020-03-31T12:38:05.618Z","roles":[{"name":"Çay","color":0,"hoist":false,"permissions":8,"mentionable":false,"position":1}],"channels":[{"type":"category","name":"Metin Kanalları","postion":1},{"type":"text","name":"genel","postion":0,"parent":"Metin Kanalları"}]},"lsevsixCWnm3vogL":{"icon":"https://cdn.discordapp.com/icons/694525930999382036/e998b0522a9a1e53de7befe2e8ef3cec.jpg","name":"Çay Bot","owner":"516988345201459210","members":3,"createdAt":"2020-03-31T12:38:05.618Z","roles":[{"name":"Çay","color":0,"hoist":false,"permissions":8,"mentionable":false,"position":1}],"channels":[{"type":"category","name":"Metin Kanalları","postion":1},{"type":"text","name":"genel","postion":0,"parent":"Metin Kanalları"}]}},"748497573316264027":{"S8Yv6ruWvXtlutDz":{"icon":"https://cdn.discordapp.com/icons/740968082264293396/a_f585c6bfe5d3d5ce100d6a779569f0cd.jpg","name":"GT-EM CODE SHARE #0.3K","owner":"670562669446823936","members":304,"createdAt":"2020-08-06T16:22:37.333Z","roles":[{"name":"Muteli","color":0,"hoist":false,"permissions":0,"mentionable":false,"position":1},{"name":"Regual","color":0,"hoist":false,"permissions":8,"mentionable":false,"position":2},{"name":"Eagle Live","color":0,"hoist":false,"permissions":8,"mentionable":false,"position":3},{"name":"InviteLogger","color":0,"hoist":false,"permissions":2080505081,"mentionable":false,"position":4},{"name":"Dyno","color":0,"hoist":false,"permissions":2134207679,"mentionable":false,"position":5},{"name":"DSL","color":0,"hoist":false,"permissions":1,"mentionable":false,"position":6},{"name":"Space Giveaway","color":0,"hoist":false,"permissions":8,"mentionable":false,"position":7},{"name":"HUNTER","color":0,"hoist":false,"permissions":8,"mentionable":false,"position":8},{"name":"Muted","color":8487814,"hoist":true,"permissions":0,"mentionable":false,"position":9},{"name":"Uptime","color":5390592,"hoist":false,"permissions":37080641,"mentionable":false,"position":10},{"name":"DBD","color":0,"hoist":false,"permissions":37080641,"mentionable":false,"position":11},{"name":"Susturulmuş","color":8487814,"hoist":true,"permissions":0,"mentionable":false,"position":12},{"name":"MEE6","color":0,"hoist":false,"permissions":1916267615,"mentionable":false,"position":13},{"name":"GT-EM POWER","color":0,"hoist":false,"permissions":805314622,"mentionable":false,"position":14},{"name":"Partner görme","color":0,"hoist":false,"permissions":37080641,"mentionable":false,"position":15},{"name":"MC-AT","color":0,"hoist":false,"permissions":8,"mentionable":false,"position":16},{"name":"🤖 Bot","color":5972086,"hoist":true,"permissions":104189505,"mentionable":false,"position":17},{"name":"ÜYE","color":3735296,"hoist":true,"permissions":37064257,"mentionable":false,"position":18},{"name":"ErensiBOT","color":0,"hoist":false,"permissions":2146823679,"mentionable":false,"position":19},{"name":"『TC』Team WİNNER","color":16711677,"hoist":true,"permissions":104189505,"mentionable":false,"position":20},{"name":"🔺️▪︎Tasarımcı","color":36990,"hoist":true,"permissions":104320577,"mentionable":false,"position":21},{"name":"Kız Üye","color":15277667,"hoist":true,"permissions":37080641,"mentionable":false,"position":22},{"name":"❤▪︎Bosster","color":16712415,"hoist":true,"permissions":1178062401,"mentionable":false,"position":23},{"name":"VIP","color":14377250,"hoist":true,"permissions":104189505,"mentionable":false,"position":24},{"name":"Sponsor","color":11027200,"hoist":true,"permissions":104189505,"mentionable":false,"position":25},{"name":"🤳▪︎Destekci","color":65535,"hoist":true,"permissions":37080641,"mentionable":false,"position":26},{"name":"📽▪︎Youtuber & Streamer","color":16580727,"hoist":true,"permissions":53988929,"mentionable":false,"position":27},{"name":"➰▪︎kod paylaşımcı","color":5972086,"hoist":true,"permissions":37064256,"mentionable":false,"position":28},{"name":"🔱▪︎Kod paylaşım lideri","color":2588365,"hoist":true,"permissions":104189505,"mentionable":false,"position":29},{"name":"Deneme Moderator","color":4654,"hoist":true,"permissions":1584754369,"mentionable":false,"position":30},{"name":"🤐 | Susturulmuş","color":5340311,"hoist":false,"permissions":0,"mentionable":false,"position":31},{"name":"MODERATÖR","color":65502,"hoist":true,"permissions":1601564353,"mentionable":false,"position":32},{"name":"🔱▪︎OWNER BOTLARI","color":1573119,"hoist":true,"permissions":2147483647,"mentionable":true,"position":33},{"name":"Yedek kurucu","color":16716563,"hoist":true,"permissions":2147352575,"mentionable":true,"position":34},{"name":"👑OWNER👑","color":14988288,"hoist":true,"permissions":2146959103,"mentionable":false,"position":35}],"channels":[{"type":"voice","name":"★ Hedef > 400 ★","postion":0},{"type":"text","name":"moderator-only","postion":0},{"type":"text","name":"rules","postion":1},{"type":"text","name":"moderator-only","postion":2},{"type":"voice","name":"🔰▪Moderasyon","postion":1,"parent":"YETKILI ROOM"},{"type":"text","name":"📄▪kurallar","postion":3,"parent":"Chat/Foto-Chat vb."},{"type":"category","name":"Chat/Foto-Chat vb.","postion":5},{"type":"news","name":"📢▪duyurular","postion":4,"parent":"Chat/Foto-Chat vb."},{"type":"text","name":"🎉▪çekiliş","postion":6,"parent":"Chat/Foto-Chat vb."},{"type":"text","name":"🗨▪sohbet-chat","postion":7,"parent":"Chat/Foto-Chat vb."},{"type":"text","name":"🤖▪bot-komut","postion":8,"parent":"Chat/Foto-Chat vb."},{"type":"text","name":"📷▪foto-chat","postion":9,"parent":"Chat/Foto-Chat vb."},{"type":"text","name":"📄▪kanal-etiketleme","postion":10,"parent":"Chat/Foto-Chat vb."},{"type":"text","name":"💎▪kod-önerileri","postion":11,"parent":"Chat/Foto-Chat vb."},{"type":"text","name":"🎁▪kod-paylaşım","postion":12,"parent":"Chat/Foto-Chat vb."},{"type":"text","name":"🔮▪dbd-yardım","postion":13,"parent":"Chat/Foto-Chat vb."},{"type":"text","name":"💾▪log-kanalı","postion":14,"parent":"Chat/Foto-Chat vb."},{"type":"text","name":"✴boost-basanlar","postion":15,"parent":"Chat/Foto-Chat vb."},{"type":"text","name":"❤▪bosster-bilgi","postion":16,"parent":"Chat/Foto-Chat vb."},{"type":"text","name":"📮▪i̇nvite-takip","postion":17,"parent":"Chat/Foto-Chat vb."},{"type":"text","name":"❤▪booster-chate","postion":18,"parent":"Chat/Foto-Chat vb."},{"type":"text","name":"❤▪kızların-chati","postion":19,"parent":"Chat/Foto-Chat vb."},{"type":"text","name":"『♉』rol-alma","postion":20,"parent":"Rol alma"},{"type":"text","name":"☢-uptime","postion":21,"parent":"Rol alma"},{"type":"category","name":"Rol alma","postion":22},{"type":"text","name":"🤝-partner","postion":23,"parent":"Rol alma"},{"type":"text","name":"🗞-partner-text","postion":24,"parent":"Rol alma"},{"type":"text","name":"🎁▪ban","postion":25,"parent":"BDFD Kodlar 1.level"},{"type":"text","name":"🎁▪kick","postion":26,"parent":"BDFD Kodlar 1.level"},{"type":"text","name":"🎁▪hazır-kurallar","postion":27,"parent":"BDFD Kodlar 1.level"},{"type":"category","name":"BDFD Kodlar 1.level","postion":28},{"type":"text","name":"🎁▪fbi","postion":29,"parent":"BDFD Kodlar 1.level"},{"type":"text","name":"🎁▪dm-mesaj","postion":30,"parent":"BDFD Kodlar 1.level"},{"type":"text","name":"🎁▪haraketli-emoji-attırma","postion":31,"parent":"BDFD Kodlar 1.level"},{"type":"text","name":"🎁▪yaz-komutu","postion":32,"parent":"BDFD Kodlar 1.level"},{"type":"text","name":"🎁▪sa-as","postion":33,"parent":"BDFD Kodlar 1.level"},{"type":"text","name":"🎁▪temizle-komutu","postion":34,"parent":"BDFD Kodlar 1.level"},{"type":"text","name":"🎁▪duyuru-komudu","postion":35,"parent":"BDFD Kodlar 1.level"},{"type":"text","name":"🎁▪sunucu-bilgi","postion":36,"parent":"BDFD Kodlar 1.level"},{"type":"text","name":"🎁▪davet-linki-kodu","postion":37,"parent":"BDFD Kodlar 1.level"},{"type":"text","name":"🎁▪bot-ping","postion":38,"parent":"BDFD Kodlar 1.level"},{"type":"text","name":"🎁▪kaçcm","postion":39,"parent":"BDFD Kodlar 1.level"},{"type":"text","name":"🎁▪zar-at","postion":40,"parent":"BDFD Kodlar 1.level"},{"type":"text","name":"🎁▪say-komudu","postion":41,"parent":"BDFD Kodlar 1.level"},{"type":"text","name":"🎁▪nah-çek","postion":42,"parent":"BDFD Kodlar 1.level"},{"type":"text","name":"🎁▪avatar","postion":43,"parent":"BDFD Kodlar 1.level"},{"type":"text","name":"🎁▪kapak-sözler","postion":44,"parent":"BDFD Kodlar 1.level"},{"type":"text","name":"🎁▪kafa-salla","postion":45,"parent":"BDFD Kodlar 1.level"},{"type":"text","name":"🎁▪renk-code","postion":46,"parent":"BDFD Kodlar 1.level"},{"type":"text","name":"🎁▪fake-patlat","postion":47,"parent":"BDFD Kodlar 1.level"},{"type":"text","name":"🎁▪çeki̇li̇ş","postion":48,"parent":"BDFD Kodlar 1.level"},{"type":"text","name":"🎁▪covit-geçecekmi","postion":49,"parent":"BDFD Kodlar 1.level"},{"type":"text","name":"🎁▪link-engel","postion":50,"parent":"BDFD KODLAR 2.LEVEL"},{"type":"text","name":"🎁▪sayaç-sistemi","postion":51,"parent":"BDFD KODLAR 2.LEVEL"},{"type":"text","name":"🎁▪sunucu-tanıt","postion":53,"parent":"BDFD KODLAR 2.LEVEL"},{"type":"category","name":"BDFD KODLAR 2.LEVEL","postion":52},{"type":"text","name":"🎁▪küfür-engel","postion":54,"parent":"BDFD KODLAR 2.LEVEL"},{"type":"text","name":"🎁▪panel","postion":55,"parent":"BDFD KODLAR 2.LEVEL"},{"type":"text","name":"🎁▪öneri-sistemi","postion":56,"parent":"BDFD KODLAR 2.LEVEL"},{"type":"text","name":"🎁▪liderlik-tablosu","postion":57,"parent":"BDFD KODLAR 2.LEVEL"},{"type":"text","name":"🎁▪fake-kimlik","postion":58,"parent":"BDFD KODLAR 2.LEVEL"},{"type":"text","name":"🎁▪kişi-bilgi-kodu","postion":59,"parent":"BDFD KODLAR 2.LEVEL"},{"type":"text","name":"🎁▪oylama-komutu","postion":60,"parent":"BDFD KODLAR 2.LEVEL"},{"type":"text","name":"🎁▪poli̇s-ara","postion":61,"parent":"BDFD KODLAR 2.LEVEL"},{"type":"text","name":"🎁▪bot-gizli-link","postion":62,"parent":"BDFD KODLAR 2.LEVEL"},{"type":"text","name":"🎁▪sahibimi-etiketleme-yasak","postion":63,"parent":"BDFD KODLAR 2.LEVEL"},{"type":"text","name":"🎁▪yardım-komutu","postion":64,"parent":"BDFD KODLAR 2.LEVEL"},{"type":"text","name":"🎁▪ayarlamalı-sa-as","postion":65,"parent":"BDFD KODLAR 2.LEVEL"},{"type":"text","name":"🎁▪burç-komutu","postion":66,"parent":"BDFD KODLAR 2.LEVEL"},{"type":"text","name":"🎁▪kopma-komudu","postion":67,"parent":"BDFD KODLAR 2.LEVEL"},{"type":"text","name":"🎁▪mayın-tarlası","postion":68,"parent":"BDFD KODLAR 2.LEVEL"},{"type":"text","name":"🎁▪mute","postion":69,"parent":"BDFD KODLAR 2.LEVEL"},{"type":"text","name":"🎁▪şifre-oluştur","postion":70,"parent":"BDFD KODLAR 2.LEVEL"},{"type":"text","name":"🎁▪reklam-engelv2","postion":71,"parent":"BDFD KODLAR 2.LEVEL"},{"type":"text","name":"🎁-iq-seviyem","postion":72,"parent":"BDFD KODLAR 2.LEVEL"},{"type":"text","name":"🎁▪korona-vaka-bilgi","postion":73,"parent":"BDFD KODLAR 2.LEVEL"},{"type":"text","name":"🎁▪hazır-sunucu-kur","postion":74,"parent":"BDFD KODLAR 2.LEVEL"},{"type":"text","name":"🎁▪saat-komudu","postion":75,"parent":"BDFD KODLAR 3.LEVEL"},{"type":"category","name":"BDFD KODLAR 3.LEVEL","postion":77},{"type":"text","name":"🎁▪bot-arama","postion":76,"parent":"BDFD KODLAR 3.LEVEL"},{"type":"text","name":"🎁▪kayıt","postion":78,"parent":"BDFD KODLAR 3.LEVEL"},{"type":"text","name":"🎁▪google-aratma","postion":79,"parent":"BDFD KODLAR 3.LEVEL"},{"type":"text","name":"🎁▪resimli-hg","postion":80,"parent":"BDFD KODLAR 3.LEVEL"},{"type":"text","name":"🎁▪youtube-arama","postion":81,"parent":"BDFD KODLAR 3.LEVEL"},{"type":"text","name":"🎁▪otorol","postion":82,"parent":"BDFD KODLAR 3.LEVEL"},{"type":"text","name":"🎁▪güzel-yazma-komudu","postion":83,"parent":"BDFD KODLAR 3.LEVEL"},{"type":"text","name":"🎁▪hava-durumu","postion":84,"parent":"BDFD KODLAR 3.LEVEL"},{"type":"text","name":"🎁▪kişi-güvenlik","postion":85,"parent":"BDFD KODLAR 3.LEVEL"},{"type":"text","name":"🎁▪bot-bilgi","postion":86,"parent":"BDFD KODLAR 3.LEVEL"},{"type":"text","name":"🎁▪saldır-komudu","postion":87,"parent":"BDFD KODLAR 3.LEVEL"},{"type":"text","name":"🎁▪kime-benziyorum-komudu","postion":88,"parent":"BDFD KODLAR 3.LEVEL"},{"type":"text","name":"🎁▪unban","postion":89,"parent":"BDFD KODLAR 3.LEVEL"},{"type":"text","name":"🎁▪ayarlamalı-link-engel","postion":90,"parent":"BDFD KODLAR 3.LEVEL"},{"type":"text","name":"🎁▪gelen-giden","postion":91,"parent":"BDFD KODLAR 3.LEVEL"},{"type":"text","name":"🎁▪ayarlanabilir-kayıt","postion":92,"parent":"BDFD KODLAR 3.LEVEL"},{"type":"text","name":"🎁▪ban-log","postion":93,"parent":"BDFD KODLAR 3.LEVEL"},{"type":"text","name":"🎁▪moderasyon-komutu","postion":94,"parent":"BDFD KODLAR 3.LEVEL"},{"type":"text","name":"🎁•random-pp","postion":95,"parent":"BDFD KODLAR 3.LEVEL"},{"type":"text","name":"🎁▪şikayet","postion":96,"parent":"BDFD KODLAR 3.LEVEL"},{"type":"text","name":"🎁▪rank-komutu","postion":97,"parent":"BDFD KODLAR 3.LEVEL"},{"type":"text","name":"🔑▪kurucuroom","postion":98,"parent":"YETKILI ROOM"},{"type":"text","name":"yetkili-sohbet","postion":99,"parent":"YETKILI ROOM"},{"type":"category","name":"YETKILI ROOM","postion":100}]},"RLffAIC57Ca5NXWu":{"icon":"https://cdn.discordapp.com/icons/740968082264293396/a_f585c6bfe5d3d5ce100d6a779569f0cd.jpg","name":"GT-EM CODE SHARE #0.3K","owner":"670562669446823936","members":304,"createdAt":"2020-08-06T16:22:37.333Z","roles":[{"name":"Muteli","color":0,"hoist":false,"permissions":0,"mentionable":false,"position":1},{"name":"Regual","color":0,"hoist":false,"permissions":8,"mentionable":false,"position":2},{"name":"Eagle Live","color":0,"hoist":false,"permissions":8,"mentionable":false,"position":3},{"name":"InviteLogger","color":0,"hoist":false,"permissions":2080505081,"mentionable":false,"position":4},{"name":"Dyno","color":0,"hoist":false,"permissions":2134207679,"mentionable":false,"position":5},{"name":"DSL","color":0,"hoist":false,"permissions":1,"mentionable":false,"position":6},{"name":"Space Giveaway","color":0,"hoist":false,"permissions":8,"mentionable":false,"position":7},{"name":"HUNTER","color":0,"hoist":false,"permissions":8,"mentionable":false,"position":8},{"name":"Muted","color":8487814,"hoist":true,"permissions":0,"mentionable":false,"position":9},{"name":"Uptime","color":5390592,"hoist":false,"permissions":37080641,"mentionable":false,"position":10},{"name":"DBD","color":0,"hoist":false,"permissions":37080641,"mentionable":false,"position":11},{"name":"Susturulmuş","color":8487814,"hoist":true,"permissions":0,"mentionable":false,"position":12},{"name":"MEE6","color":0,"hoist":false,"permissions":1916267615,"mentionable":false,"position":13},{"name":"GT-EM POWER","color":0,"hoist":false,"permissions":805314622,"mentionable":false,"position":14},{"name":"Partner görme","color":0,"hoist":false,"permissions":37080641,"mentionable":false,"position":15},{"name":"MC-AT","color":0,"hoist":false,"permissions":8,"mentionable":false,"position":16},{"name":"🤖 Bot","color":5972086,"hoist":true,"permissions":104189505,"mentionable":false,"position":17},{"name":"ÜYE","color":3735296,"hoist":true,"permissions":37064257,"mentionable":false,"position":18},{"name":"ErensiBOT","color":0,"hoist":false,"permissions":2146823679,"mentionable":false,"position":19},{"name":"『TC』Team WİNNER","color":16711677,"hoist":true,"permissions":104189505,"mentionable":false,"position":20},{"name":"🔺️▪︎Tasarımcı","color":36990,"hoist":true,"permissions":104320577,"mentionable":false,"position":21},{"name":"Kız Üye","color":15277667,"hoist":true,"permissions":37080641,"mentionable":false,"position":22},{"name":"❤▪︎Bosster","color":16712415,"hoist":true,"permissions":1178062401,"mentionable":false,"position":23},{"name":"VIP","color":14377250,"hoist":true,"permissions":104189505,"mentionable":false,"position":24},{"name":"Sponsor","color":11027200,"hoist":true,"permissions":104189505,"mentionable":false,"position":25},{"name":"🤳▪︎Destekci","color":65535,"hoist":true,"permissions":37080641,"mentionable":false,"position":26},{"name":"📽▪︎Youtuber & Streamer","color":16580727,"hoist":true,"permissions":53988929,"mentionable":false,"position":27},{"name":"➰▪︎kod paylaşımcı","color":5972086,"hoist":true,"permissions":37064256,"mentionable":false,"position":28},{"name":"🔱▪︎Kod paylaşım lideri","color":2588365,"hoist":true,"permissions":104189505,"mentionable":false,"position":29},{"name":"Deneme Moderator","color":4654,"hoist":true,"permissions":1584754369,"mentionable":false,"position":30},{"name":"🤐 | Susturulmuş","color":5340311,"hoist":false,"permissions":0,"mentionable":false,"position":31},{"name":"MODERATÖR","color":65502,"hoist":true,"permissions":1601564353,"mentionable":false,"position":32},{"name":"🔱▪︎OWNER BOTLARI","color":1573119,"hoist":true,"permissions":2147483647,"mentionable":true,"position":33},{"name":"Yedek kurucu","color":16716563,"hoist":true,"permissions":2147352575,"mentionable":true,"position":34},{"name":"👑OWNER👑","color":14988288,"hoist":true,"permissions":2146959103,"mentionable":false,"position":35}],"channels":[{"type":"voice","name":"★ Hedef > 400 ★","postion":0},{"type":"text","name":"moderator-only","postion":0},{"type":"text","name":"rules","postion":1},{"type":"text","name":"moderator-only","postion":2},{"type":"voice","name":"🔰▪Moderasyon","postion":1,"parent":"YETKILI ROOM"},{"type":"text","name":"📄▪kurallar","postion":3,"parent":"Chat/Foto-Chat vb."},{"type":"category","name":"Chat/Foto-Chat vb.","postion":5},{"type":"news","name":"📢▪duyurular","postion":4,"parent":"Chat/Foto-Chat vb."},{"type":"text","name":"🎉▪çekiliş","postion":6,"parent":"Chat/Foto-Chat vb."},{"type":"text","name":"🗨▪sohbet-chat","postion":7,"parent":"Chat/Foto-Chat vb."},{"type":"text","name":"🤖▪bot-komut","postion":8,"parent":"Chat/Foto-Chat vb."},{"type":"text","name":"📷▪foto-chat","postion":9,"parent":"Chat/Foto-Chat vb."},{"type":"text","name":"📄▪kanal-etiketleme","postion":10,"parent":"Chat/Foto-Chat vb."},{"type":"text","name":"💎▪kod-önerileri","postion":11,"parent":"Chat/Foto-Chat vb."},{"type":"text","name":"🎁▪kod-paylaşım","postion":12,"parent":"Chat/Foto-Chat vb."},{"type":"text","name":"🔮▪dbd-yardım","postion":13,"parent":"Chat/Foto-Chat vb."},{"type":"text","name":"💾▪log-kanalı","postion":14,"parent":"Chat/Foto-Chat vb."},{"type":"text","name":"✴boost-basanlar","postion":15,"parent":"Chat/Foto-Chat vb."},{"type":"text","name":"❤▪bosster-bilgi","postion":16,"parent":"Chat/Foto-Chat vb."},{"type":"text","name":"📮▪i̇nvite-takip","postion":17,"parent":"Chat/Foto-Chat vb."},{"type":"text","name":"❤▪booster-chate","postion":18,"parent":"Chat/Foto-Chat vb."},{"type":"text","name":"❤▪kızların-chati","postion":19,"parent":"Chat/Foto-Chat vb."},{"type":"text","name":"『♉』rol-alma","postion":20,"parent":"Rol alma"},{"type":"text","name":"☢-uptime","postion":21,"parent":"Rol alma"},{"type":"category","name":"Rol alma","postion":22},{"type":"text","name":"🤝-partner","postion":23,"parent":"Rol alma"},{"type":"text","name":"🗞-partner-text","postion":24,"parent":"Rol alma"},{"type":"text","name":"🎁▪ban","postion":25,"parent":"BDFD Kodlar 1.level"},{"type":"text","name":"🎁▪kick","postion":26,"parent":"BDFD Kodlar 1.level"},{"type":"text","name":"🎁▪hazır-kurallar","postion":27,"parent":"BDFD Kodlar 1.level"},{"type":"category","name":"BDFD Kodlar 1.level","postion":28},{"type":"text","name":"🎁▪fbi","postion":29,"parent":"BDFD Kodlar 1.level"},{"type":"text","name":"🎁▪dm-mesaj","postion":30,"parent":"BDFD Kodlar 1.level"},{"type":"text","name":"🎁▪haraketli-emoji-attırma","postion":31,"parent":"BDFD Kodlar 1.level"},{"type":"text","name":"🎁▪yaz-komutu","postion":32,"parent":"BDFD Kodlar 1.level"},{"type":"text","name":"🎁▪sa-as","postion":33,"parent":"BDFD Kodlar 1.level"},{"type":"text","name":"🎁▪temizle-komutu","postion":34,"parent":"BDFD Kodlar 1.level"},{"type":"text","name":"🎁▪duyuru-komudu","postion":35,"parent":"BDFD Kodlar 1.level"},{"type":"text","name":"🎁▪sunucu-bilgi","postion":36,"parent":"BDFD Kodlar 1.level"},{"type":"text","name":"🎁▪davet-linki-kodu","postion":37,"parent":"BDFD Kodlar 1.level"},{"type":"text","name":"🎁▪bot-ping","postion":38,"parent":"BDFD Kodlar 1.level"},{"type":"text","name":"🎁▪kaçcm","postion":39,"parent":"BDFD Kodlar 1.level"},{"type":"text","name":"🎁▪zar-at","postion":40,"parent":"BDFD Kodlar 1.level"},{"type":"text","name":"🎁▪say-komudu","postion":41,"parent":"BDFD Kodlar 1.level"},{"type":"text","name":"🎁▪nah-çek","postion":42,"parent":"BDFD Kodlar 1.level"},{"type":"text","name":"🎁▪avatar","postion":43,"parent":"BDFD Kodlar 1.level"},{"type":"text","name":"🎁▪kapak-sözler","postion":44,"parent":"BDFD Kodlar 1.level"},{"type":"text","name":"🎁▪kafa-salla","postion":45,"parent":"BDFD Kodlar 1.level"},{"type":"text","name":"🎁▪renk-code","postion":46,"parent":"BDFD Kodlar 1.level"},{"type":"text","name":"🎁▪fake-patlat","postion":47,"parent":"BDFD Kodlar 1.level"},{"type":"text","name":"🎁▪çeki̇li̇ş","postion":48,"parent":"BDFD Kodlar 1.level"},{"type":"text","name":"🎁▪covit-geçecekmi","postion":49,"parent":"BDFD Kodlar 1.level"},{"type":"text","name":"🎁▪link-engel","postion":50,"parent":"BDFD KODLAR 2.LEVEL"},{"type":"text","name":"🎁▪sayaç-sistemi","postion":51,"parent":"BDFD KODLAR 2.LEVEL"},{"type":"text","name":"🎁▪sunucu-tanıt","postion":53,"parent":"BDFD KODLAR 2.LEVEL"},{"type":"category","name":"BDFD KODLAR 2.LEVEL","postion":52},{"type":"text","name":"🎁▪küfür-engel","postion":54,"parent":"BDFD KODLAR 2.LEVEL"},{"type":"text","name":"🎁▪panel","postion":55,"parent":"BDFD KODLAR 2.LEVEL"},{"type":"text","name":"🎁▪öneri-sistemi","postion":56,"parent":"BDFD KODLAR 2.LEVEL"},{"type":"text","name":"🎁▪liderlik-tablosu","postion":57,"parent":"BDFD KODLAR 2.LEVEL"},{"type":"text","name":"🎁▪fake-kimlik","postion":58,"parent":"BDFD KODLAR 2.LEVEL"},{"type":"text","name":"🎁▪kişi-bilgi-kodu","postion":59,"parent":"BDFD KODLAR 2.LEVEL"},{"type":"text","name":"🎁▪oylama-komutu","postion":60,"parent":"BDFD KODLAR 2.LEVEL"},{"type":"text","name":"🎁▪poli̇s-ara","postion":61,"parent":"BDFD KODLAR 2.LEVEL"},{"type":"text","name":"🎁▪bot-gizli-link","postion":62,"parent":"BDFD KODLAR 2.LEVEL"},{"type":"text","name":"🎁▪sahibimi-etiketleme-yasak","postion":63,"parent":"BDFD KODLAR 2.LEVEL"},{"type":"text","name":"🎁▪yardım-komutu","postion":64,"parent":"BDFD KODLAR 2.LEVEL"},{"type":"text","name":"🎁▪ayarlamalı-sa-as","postion":65,"parent":"BDFD KODLAR 2.LEVEL"},{"type":"text","name":"🎁▪burç-komutu","postion":66,"parent":"BDFD KODLAR 2.LEVEL"},{"type":"text","name":"🎁▪kopma-komudu","postion":67,"parent":"BDFD KODLAR 2.LEVEL"},{"type":"text","name":"🎁▪mayın-tarlası","postion":68,"parent":"BDFD KODLAR 2.LEVEL"},{"type":"text","name":"🎁▪mute","postion":69,"parent":"BDFD KODLAR 2.LEVEL"},{"type":"text","name":"🎁▪şifre-oluştur","postion":70,"parent":"BDFD KODLAR 2.LEVEL"},{"type":"text","name":"🎁▪reklam-engelv2","postion":71,"parent":"BDFD KODLAR 2.LEVEL"},{"type":"text","name":"🎁-iq-seviyem","postion":72,"parent":"BDFD KODLAR 2.LEVEL"},{"type":"text","name":"🎁▪korona-vaka-bilgi","postion":73,"parent":"BDFD KODLAR 2.LEVEL"},{"type":"text","name":"🎁▪hazır-sunucu-kur","postion":74,"parent":"BDFD KODLAR 2.LEVEL"},{"type":"text","name":"🎁▪saat-komudu","postion":75,"parent":"BDFD KODLAR 3.LEVEL"},{"type":"category","name":"BDFD KODLAR 3.LEVEL","postion":77},{"type":"text","name":"🎁▪bot-arama","postion":76,"parent":"BDFD KODLAR 3.LEVEL"},{"type":"text","name":"🎁▪kayıt","postion":78,"parent":"BDFD KODLAR 3.LEVEL"},{"type":"text","name":"🎁▪google-aratma","postion":79,"parent":"BDFD KODLAR 3.LEVEL"},{"type":"text","name":"🎁▪resimli-hg","postion":80,"parent":"BDFD KODLAR 3.LEVEL"},{"type":"text","name":"🎁▪youtube-arama","postion":81,"parent":"BDFD KODLAR 3.LEVEL"},{"type":"text","name":"🎁▪otorol","postion":82,"parent":"BDFD KODLAR 3.LEVEL"},{"type":"text","name":"🎁▪güzel-yazma-komudu","postion":83,"parent":"BDFD KODLAR 3.LEVEL"},{"type":"text","name":"🎁▪hava-durumu","postion":84,"parent":"BDFD KODLAR 3.LEVEL"},{"type":"text","name":"🎁▪kişi-güvenlik","postion":85,"parent":"BDFD KODLAR 3.LEVEL"},{"type":"text","name":"🎁▪bot-bilgi","postion":86,"parent":"BDFD KODLAR 3.LEVEL"},{"type":"text","name":"🎁▪saldır-komudu","postion":87,"parent":"BDFD KODLAR 3.LEVEL"},{"type":"text","name":"🎁▪kime-benziyorum-komudu","postion":88,"parent":"BDFD KODLAR 3.LEVEL"},{"type":"text","name":"🎁▪unban","postion":89,"parent":"BDFD KODLAR 3.LEVEL"},{"type":"text","name":"🎁▪ayarlamalı-link-engel","postion":90,"parent":"BDFD KODLAR 3.LEVEL"},{"type":"text","name":"🎁▪gelen-giden","postion":91,"parent":"BDFD KODLAR 3.LEVEL"},{"type":"text","name":"🎁▪ayarlanabilir-kayıt","postion":92,"parent":"BDFD KODLAR 3.LEVEL"},{"type":"text","name":"🎁▪ban-log","postion":93,"parent":"BDFD KODLAR 3.LEVEL"},{"type":"text","name":"🎁▪moderasyon-komutu","postion":94,"parent":"BDFD KODLAR 3.LEVEL"},{"type":"text","name":"🎁•random-pp","postion":95,"parent":"BDFD KODLAR 3.LEVEL"},{"type":"text","name":"🎁▪şikayet","postion":96,"parent":"BDFD KODLAR 3.LEVEL"},{"type":"text","name":"🎁▪rank-komutu","postion":97,"parent":"BDFD KODLAR 3.LEVEL"},{"type":"text","name":"🔑▪kurucuroom","postion":98,"parent":"YETKILI ROOM"},{"type":"text","name":"yetkili-sohbet","postion":99,"parent":"YETKILI ROOM"},{"type":"category","name":"YETKILI ROOM","postion":100}]},"ohWTwWKnlYOTz2BV":{"icon":"https://cdn.discordapp.com/icons/740968082264293396/a_f585c6bfe5d3d5ce100d6a779569f0cd.jpg","name":"GT-EM CODE SHARE #0.3K","owner":"670562669446823936","members":302,"createdAt":"2020-08-06T16:22:37.333Z","roles":[{"name":"Muteli","color":0,"hoist":false,"permissions":0,"mentionable":false,"position":1},{"name":"Regual","color":0,"hoist":false,"permissions":8,"mentionable":false,"position":2},{"name":"Eagle Live","color":0,"hoist":false,"permissions":8,"mentionable":false,"position":3},{"name":"InviteLogger","color":0,"hoist":false,"permissions":2080505081,"mentionable":false,"position":4},{"name":"Dyno","color":0,"hoist":false,"permissions":2134207679,"mentionable":false,"position":5},{"name":"DSL","color":0,"hoist":false,"permissions":1,"mentionable":false,"position":6},{"name":"Space Giveaway","color":0,"hoist":false,"permissions":8,"mentionable":false,"position":7},{"name":"HUNTER","color":0,"hoist":false,"permissions":8,"mentionable":false,"position":8},{"name":"Muted","color":8487814,"hoist":true,"permissions":0,"mentionable":false,"position":9},{"name":"Uptime","color":5390592,"hoist":false,"permissions":37080641,"mentionable":false,"position":10},{"name":"DBD","color":0,"hoist":false,"permissions":37080641,"mentionable":false,"position":11},{"name":"Susturulmuş","color":8487814,"hoist":true,"permissions":0,"mentionable":false,"position":12},{"name":"MEE6","color":0,"hoist":false,"permissions":1916267615,"mentionable":false,"position":13},{"name":"GT-EM POWER","color":0,"hoist":false,"permissions":805314622,"mentionable":false,"position":14},{"name":"Partner görme","color":0,"hoist":false,"permissions":37080641,"mentionable":false,"position":15},{"name":"MC-AT","color":0,"hoist":false,"permissions":8,"mentionable":false,"position":16},{"name":"🤖 Bot","color":5972086,"hoist":true,"permissions":104189505,"mentionable":false,"position":17},{"name":"ÜYE","color":3735296,"hoist":true,"permissions":37064257,"mentionable":false,"position":18},{"name":"ErensiBOT","color":0,"hoist":false,"permissions":2146823679,"mentionable":false,"position":19},{"name":"『TC』Team WİNNER","color":16711677,"hoist":true,"permissions":104189505,"mentionable":false,"position":20},{"name":"🔺️▪︎Tasarımcı","color":36990,"hoist":true,"permissions":104320577,"mentionable":false,"position":21},{"name":"Kız Üye","color":15277667,"hoist":true,"permissions":37080641,"mentionable":false,"position":22},{"name":"❤▪︎Bosster","color":16712415,"hoist":true,"permissions":1178062401,"mentionable":false,"position":23},{"name":"VIP","color":14377250,"hoist":true,"permissions":104189505,"mentionable":false,"position":24},{"name":"Sponsor","color":11027200,"hoist":true,"permissions":104189505,"mentionable":false,"position":25},{"name":"🤳▪︎Destekci","color":65535,"hoist":true,"permissions":37080641,"mentionable":false,"position":26},{"name":"📽▪︎Youtuber & Streamer","color":16580727,"hoist":true,"permissions":53988929,"mentionable":false,"position":27},{"name":"➰▪︎kod paylaşımcı","color":5972086,"hoist":true,"permissions":37064256,"mentionable":false,"position":28},{"name":"🔱▪︎Kod paylaşım lideri","color":2588365,"hoist":true,"permissions":104189505,"mentionable":false,"position":29},{"name":"Deneme Moderator","color":4654,"hoist":true,"permissions":1584754369,"mentionable":false,"position":30},{"name":"🤐 | Susturulmuş","color":5340311,"hoist":false,"permissions":0,"mentionable":false,"position":31},{"name":"MODERATÖR","color":65502,"hoist":true,"permissions":1601564353,"mentionable":false,"position":32},{"name":"🔱▪︎OWNER BOTLARI","color":1573119,"hoist":true,"permissions":2147483647,"mentionable":true,"position":33},{"name":"Yedek kurucu","color":16716563,"hoist":true,"permissions":2147352575,"mentionable":true,"position":34},{"name":"👑OWNER👑","color":14988288,"hoist":true,"permissions":2146959103,"mentionable":false,"position":35}],"channels":[{"type":"text","name":"moderator-only","postion":0},{"type":"voice","name":"★ Hedef > 400 ★","postion":0},{"type":"text","name":"rules","postion":1},{"type":"text","name":"moderator-only","postion":2},{"type":"text","name":"📄▪kurallar","postion":3,"parent":"Chat/Foto-Chat vb."},{"type":"voice","name":"🔰▪Moderasyon","postion":1,"parent":"YETKILI ROOM"},{"type":"news","name":"📢▪duyurular","postion":4,"parent":"Chat/Foto-Chat vb."},{"type":"category","name":"Chat/Foto-Chat vb.","postion":5},{"type":"text","name":"🎉▪çekiliş","postion":6,"parent":"Chat/Foto-Chat vb."},{"type":"text","name":"🗨▪sohbet-chat","postion":7,"parent":"Chat/Foto-Chat vb."},{"type":"text","name":"🤖▪bot-komut","postion":8,"parent":"Chat/Foto-Chat vb."},{"type":"text","name":"📷▪foto-chat","postion":9,"parent":"Chat/Foto-Chat vb."},{"type":"text","name":"📄▪kanal-etiketleme","postion":10,"parent":"Chat/Foto-Chat vb."},{"type":"text","name":"💎▪kod-önerileri","postion":11,"parent":"Chat/Foto-Chat vb."},{"type":"text","name":"🎁▪kod-paylaşım","postion":12,"parent":"Chat/Foto-Chat vb."},{"type":"text","name":"🔮▪dbd-yardım","postion":13,"parent":"Chat/Foto-Chat vb."},{"type":"text","name":"👮♂▪güvenlik","postion":14,"parent":"Chat/Foto-Chat vb."},{"type":"text","name":"💾▪log-kanalı","postion":15,"parent":"Chat/Foto-Chat vb."},{"type":"text","name":"✴boost-basanlar","postion":16,"parent":"Chat/Foto-Chat vb."},{"type":"text","name":"❤▪bosster-bilgi","postion":17,"parent":"Chat/Foto-Chat vb."},{"type":"text","name":"📮▪i̇nvite-takip","postion":18,"parent":"Chat/Foto-Chat vb."},{"type":"text","name":"❤▪booster-chate","postion":19,"parent":"Chat/Foto-Chat vb."},{"type":"text","name":"❤▪kızların-chati","postion":20,"parent":"Chat/Foto-Chat vb."},{"type":"text","name":"『♉』rol-alma","postion":21,"parent":"Rol alma"},{"type":"category","name":"Rol alma","postion":23},{"type":"text","name":"☢-uptime","postion":22,"parent":"Rol alma"},{"type":"text","name":"🤝-partner","postion":24,"parent":"Rol alma"},{"type":"text","name":"🗞-partner-text","postion":25,"parent":"Rol alma"},{"type":"text","name":"🎁▪ban","postion":26,"parent":"BDFD Kodlar 1.level"},{"type":"text","name":"🎁▪kick","postion":27,"parent":"BDFD Kodlar 1.level"},{"type":"category","name":"BDFD Kodlar 1.level","postion":29},{"type":"text","name":"🎁▪hazır-kurallar","postion":28,"parent":"BDFD Kodlar 1.level"},{"type":"text","name":"🎁▪fbi","postion":30,"parent":"BDFD Kodlar 1.level"},{"type":"text","name":"🎁▪dm-mesaj","postion":31,"parent":"BDFD Kodlar 1.level"},{"type":"text","name":"🎁▪haraketli-emoji-attırma","postion":32,"parent":"BDFD Kodlar 1.level"},{"type":"text","name":"🎁▪yaz-komutu","postion":33,"parent":"BDFD Kodlar 1.level"},{"type":"text","name":"🎁▪sa-as","postion":34,"parent":"BDFD Kodlar 1.level"},{"type":"text","name":"🎁▪temizle-komutu","postion":35,"parent":"BDFD Kodlar 1.level"},{"type":"text","name":"🎁▪duyuru-komudu","postion":36,"parent":"BDFD Kodlar 1.level"},{"type":"text","name":"🎁▪sunucu-bilgi","postion":37,"parent":"BDFD Kodlar 1.level"},{"type":"text","name":"🎁▪davet-linki-kodu","postion":38,"parent":"BDFD Kodlar 1.level"},{"type":"text","name":"🎁▪bot-ping","postion":39,"parent":"BDFD Kodlar 1.level"},{"type":"text","name":"🎁▪kaçcm","postion":40,"parent":"BDFD Kodlar 1.level"},{"type":"text","name":"🎁▪zar-at","postion":41,"parent":"BDFD Kodlar 1.level"},{"type":"text","name":"🎁▪say-komudu","postion":42,"parent":"BDFD Kodlar 1.level"},{"type":"text","name":"🎁▪nah-çek","postion":43,"parent":"BDFD Kodlar 1.level"},{"type":"text","name":"🎁▪avatar","postion":44,"parent":"BDFD Kodlar 1.level"},{"type":"text","name":"🎁▪kapak-sözler","postion":45,"parent":"BDFD Kodlar 1.level"},{"type":"text","name":"🎁▪kafa-salla","postion":46,"parent":"BDFD Kodlar 1.level"},{"type":"text","name":"🎁▪renk-code","postion":47,"parent":"BDFD Kodlar 1.level"},{"type":"text","name":"🎁▪fake-patlat","postion":48,"parent":"BDFD Kodlar 1.level"},{"type":"text","name":"🎁▪çeki̇li̇ş","postion":49,"parent":"BDFD Kodlar 1.level"},{"type":"text","name":"🎁▪covit-geçecekmi","postion":50,"parent":"BDFD Kodlar 1.level"},{"type":"text","name":"🎁▪link-engel","postion":51,"parent":"BDFD KODLAR 2.LEVEL"},{"type":"text","name":"🎁▪sayaç-sistemi","postion":52,"parent":"BDFD KODLAR 2.LEVEL"},{"type":"category","name":"BDFD KODLAR 2.LEVEL","postion":53},{"type":"text","name":"🎁▪sunucu-tanıt","postion":54,"parent":"BDFD KODLAR 2.LEVEL"},{"type":"text","name":"🎁▪küfür-engel","postion":55,"parent":"BDFD KODLAR 2.LEVEL"},{"type":"text","name":"🎁▪panel","postion":56,"parent":"BDFD KODLAR 2.LEVEL"},{"type":"text","name":"🎁▪öneri-sistemi","postion":57,"parent":"BDFD KODLAR 2.LEVEL"},{"type":"text","name":"🎁▪liderlik-tablosu","postion":58,"parent":"BDFD KODLAR 2.LEVEL"},{"type":"text","name":"🎁▪fake-kimlik","postion":59,"parent":"BDFD KODLAR 2.LEVEL"},{"type":"text","name":"🎁▪kişi-bilgi-kodu","postion":60,"parent":"BDFD KODLAR 2.LEVEL"},{"type":"text","name":"🎁▪oylama-komutu","postion":61,"parent":"BDFD KODLAR 2.LEVEL"},{"type":"text","name":"🎁▪poli̇s-ara","postion":62,"parent":"BDFD KODLAR 2.LEVEL"},{"type":"text","name":"🎁▪bot-gizli-link","postion":63,"parent":"BDFD KODLAR 2.LEVEL"},{"type":"text","name":"🎁▪sahibimi-etiketleme-yasak","postion":64,"parent":"BDFD KODLAR 2.LEVEL"},{"type":"text","name":"🎁▪yardım-komutu","postion":65,"parent":"BDFD KODLAR 2.LEVEL"},{"type":"text","name":"🎁▪ayarlamalı-sa-as","postion":66,"parent":"BDFD KODLAR 2.LEVEL"},{"type":"text","name":"🎁▪burç-komutu","postion":67,"parent":"BDFD KODLAR 2.LEVEL"},{"type":"text","name":"🎁▪kopma-komudu","postion":68,"parent":"BDFD KODLAR 2.LEVEL"},{"type":"text","name":"🎁▪mayın-tarlası","postion":69,"parent":"BDFD KODLAR 2.LEVEL"},{"type":"text","name":"🎁▪mute","postion":70,"parent":"BDFD KODLAR 2.LEVEL"},{"type":"text","name":"🎁▪şifre-oluştur","postion":71,"parent":"BDFD KODLAR 2.LEVEL"},{"type":"text","name":"🎁▪reklam-engelv2","postion":72,"parent":"BDFD KODLAR 2.LEVEL"},{"type":"text","name":"🎁-iq-seviyem","postion":73,"parent":"BDFD KODLAR 2.LEVEL"},{"type":"text","name":"🎁▪korona-vaka-bilgi","postion":74,"parent":"BDFD KODLAR 2.LEVEL"},{"type":"text","name":"🎁▪hazır-sunucu-kur","postion":75,"parent":"BDFD KODLAR 2.LEVEL"},{"type":"text","name":"🎁▪saat-komudu","postion":76,"parent":"BDFD KODLAR 3.LEVEL"},{"type":"text","name":"🎁▪bot-arama","postion":77,"parent":"BDFD KODLAR 3.LEVEL"},{"type":"category","name":"BDFD KODLAR 3.LEVEL","postion":78},{"type":"text","name":"🎁▪kayıt","postion":79,"parent":"BDFD KODLAR 3.LEVEL"},{"type":"text","name":"🎁▪google-aratma","postion":80,"parent":"BDFD KODLAR 3.LEVEL"},{"type":"text","name":"🎁▪resimli-hg","postion":81,"parent":"BDFD KODLAR 3.LEVEL"},{"type":"text","name":"🎁▪youtube-arama","postion":82,"parent":"BDFD KODLAR 3.LEVEL"},{"type":"text","name":"🎁▪otorol","postion":83,"parent":"BDFD KODLAR 3.LEVEL"},{"type":"text","name":"🎁▪güzel-yazma-komudu","postion":84,"parent":"BDFD KODLAR 3.LEVEL"},{"type":"text","name":"🎁▪hava-durumu","postion":85,"parent":"BDFD KODLAR 3.LEVEL"},{"type":"text","name":"🎁▪kişi-güvenlik","postion":86,"parent":"BDFD KODLAR 3.LEVEL"},{"type":"text","name":"🎁▪bot-bilgi","postion":87,"parent":"BDFD KODLAR 3.LEVEL"},{"type":"text","name":"🎁▪saldır-komudu","postion":88,"parent":"BDFD KODLAR 3.LEVEL"},{"type":"text","name":"🎁▪kime-benziyorum-komudu","postion":89,"parent":"BDFD KODLAR 3.LEVEL"},{"type":"text","name":"🎁▪unban","postion":90,"parent":"BDFD KODLAR 3.LEVEL"},{"type":"text","name":"🎁▪ayarlamalı-link-engel","postion":91,"parent":"BDFD KODLAR 3.LEVEL"},{"type":"text","name":"🎁▪gelen-giden","postion":92,"parent":"BDFD KODLAR 3.LEVEL"},{"type":"text","name":"🎁▪ayarlanabilir-kayıt","postion":93,"parent":"BDFD KODLAR 3.LEVEL"},{"type":"text","name":"🎁▪ban-log","postion":94,"parent":"BDFD KODLAR 3.LEVEL"},{"type":"text","name":"🎁▪moderasyon-komutu","postion":95,"parent":"BDFD KODLAR 3.LEVEL"},{"type":"text","name":"🎁•random-pp","postion":96,"parent":"BDFD KODLAR 3.LEVEL"},{"type":"text","name":"🎁▪şikayet","postion":97,"parent":"BDFD KODLAR 3.LEVEL"},{"type":"text","name":"🎁▪rank-komutu","postion":98,"parent":"BDFD KODLAR 3.LEVEL"},{"type":"text","name":"🔑▪kurucuroom","postion":99,"parent":"YETKILI ROOM"},{"type":"text","name":"yetkili-sohbet","postion":100,"parent":"YETKILI ROOM"},{"type":"text","name":"canlı-destek","postion":101,"parent":"YETKILI ROOM"},{"type":"category","name":"YETKILI ROOM","postion":102}]},"41rzt6NXtXMYjieN":{"icon":null,"name":"Bot kapışması","owner":"720541209969557536","members":4,"createdAt":"2021-01-11T06:47:43.558Z","roles":[{"name":"Secret Side","color":0,"hoist":false,"permissions":2147483647,"mentionable":false,"position":1},{"name":"Regual","color":0,"hoist":false,"permissions":2147483647,"mentionable":false,"position":2}],"channels":[{"type":"category","name":"Metin Kanalları","postion":2},{"type":"category","name":"Ses Kanalları","postion":1},{"type":"text","name":"genel","postion":0,"parent":"Metin Kanalları"},{"type":"voice","name":"Genel","postion":0,"parent":"Ses Kanalları"}]}}}